站代號,站名,郵遞區號,地址,經度,緯度,電話,服務類型,提供服務時段
D2041,八堵加油加氣站,205,基隆市暖暖區八堵路158號,121.72583333333334,25.104166666666668,(02)24560524,電動機車充電,00:00-24:00
D2041,八堵加油加氣站,205,基隆市暖暖區八堵路158號,121.72583333333334,25.104166666666668,(02)24560524,光陽電動機車換電2.0,00:00-24:00
D2045,金山站,208,新北市金山區中山路385號,121.63361111111112,25.22472222222222,(02)24982553,Gogoro電動機車換電,07:00-21:00
D2046,萬里站,207,新北市萬里區龜吼里美崙31-1號,121.68722222222223,25.184444444444445,(02)24922019,電動機車充電,07:00-21:00
D2046,萬里站,207,新北市萬里區龜吼里美崙31-1號,121.68722222222223,25.184444444444445,(02)24922019,Gogoro電動機車換電,07:00-21:00
D2047,六堵站,206,基隆市七堵區明德二路28號,121.70416666666667,25.083888888888886,(02)24512006,光陽電動機車換電2.0,06:30-22:30
D2048,瑞芳站,224,新北市瑞芳區中山路200號,121.80138888888888,25.106944444444444,(02)24972341,光陽電動機車換電2.0,07:00-22:00
D2049,成功一路站,200,基隆市仁愛區成功一路105號,121.7375,25.126944444444444,(02)24316683,光陽電動機車換電2.0,00:00-24:00
D2050,西定路站,203,基隆市中山區西定路190號,121.73305555555555,25.13611111111111,(02)24226918,Gogoro電動機車換電,07:00-21:00
D2052,三芝站,252,新北市三芝區埔頭15號,121.49527777777777,25.259722222222223,(02)26362403,Gogoro電動機車換電,07:00-21:00
D2053,安樂站,204,基隆市安樂區麥金路441號,121.71888888888888,25.12638888888889,(02)24311788,Gogoro電動機車換電,00:00-24:00
D2054,澳底站,228,新北市貢寮區真理里美艷山街6-2號,121.92861111111111,25.060833333333335,(02)24901501,電動機車充電,07:00-21:00
D2054,澳底站,228,新北市貢寮區真理里美艷山街6-2號,121.92861111111111,25.060833333333335,(02)24901501,Gogoro電動機車換電,07:00-21:00
D2056,碇內站,205,基隆市暖暖區源遠路157號,121.74861111111112,25.098333333333333,(02)24577214,光陽電動機車換電2.0,00:00-24:00
D2058,大武崙站,204,基隆市安樂區基金三路2-1號,121.70055555555555,25.148055555555555,(02)24321537,光陽電動機車換電2.0,07:00-22:00
D2059,八德路站,206,基隆市七堵區八德路2-15號,121.72111111111111,25.10138888888889,(02)24562643,Gogoro電動機車換電,07:00-22:00
D2140,中崙站,104,台北市中山區八德路二段214號,121.53972222222222,25.04638888888889,(02)27712548,電動機車充電,00:00-24:00
D2140,中崙站,104,台北市中山區八德路二段214號,121.53972222222222,25.04638888888889,(02)27712548,光陽電動機車換電2.0,00:00-24:00
D2141,三重重新路站,241,新北市三重區重新路五段495號,121.4725,25.046944444444446,(02)29953683,電動機車充電,00:00-24:00
D2142,北投站,112,台北市北投區承德路七段384號,121.50222222222222,25.11916666666667,(02)28201203,Gogoro電動機車換電,00:00-24:00
D2146,汐止站,221,新北市汐止區大同路一段353號,121.63944444444445,25.060000000000002,(02)26412246,Gogoro電動機車換電,00:00-24:00
D214J,寶橋站,231,新北市新店區寶橋路219號,121.54916666666666,24.9775,(02)29111965,光陽電動機車換電2.0,00:00-24:00
D214N,坪林站,232,新北市坪林區北宜路八段61號(21:00~22:00僅提供自助加油),121.705,24.935555555555556,(02)26656081,光陽電動機車換電2.0,07:00-22:00
D214R,內湖站,114,台北市內湖區民權東路六段50號,121.58388888888888,25.06861111111111,(02)27920678,電動機車充電,00:00-24:00
D214R,內湖站,114,台北市內湖區民權東路六段50號,121.58388888888888,25.06861111111111,(02)27920678,光陽電動機車換電2.0,00:00-24:00
D214T,八里站,249,新北市八里區中山路一段1號,121.42305555555556,25.15888888888889,(02)26104191,Gogoro電動機車換電,00:00-24:00
D214X,西湖,114,台北市內湖區內湖路一段59號,121.56,25.084999999999997,(02)27992147,Gogoro電動機車換電,07:00-23:00
D214Z,新莊站,242,新北市新莊區中正路338號,121.44527777777778,25.034722222222225,(02)29965736,電動機車充電,00:00-24:00
D214Z,新莊站,242,新北市新莊區中正路338號,121.44527777777778,25.034722222222225,(02)29965736,光陽電動機車換電2.0,00:00-24:00
D2151,萬隆站,116,台北市文山區興隆路一段13號,121.53944444444444,25.004444444444445,(02)29312829,Gogoro電動機車換電,00:00-24:00
D2156,陽明山站,111,台北市士林區陽明山格致路3號,121.545833333333,25.1355555555556,(02)28616052,光陽電動機車換電2.0,07:00-22:00
D2157,復興北路站,105,台北市松山區復興北路31號,121.54444444444444,25.049722222222226,(02)27112342,Gogoro電動機車換電,07:00-23:00
D2158,泰山站,243,新北市泰山區泰林路二段424號,121.42666666666668,25.064444444444444,(02)29097921,Gogoro電動機車換電,07:00-22:00
D2159,新生南路站,106,台北市大安區仁愛路三段1號,121.53333333333333,25.038611111111113,(02)27112316,光陽電動機車換電2.0,07:00-22:00
D215J,南港站,115,台北市南港區南港路二段50號,121.60444444444444,25.054166666666667,(02)27822408,光陽電動機車換電2.0,00:00-24:00
D215K,蘆洲站,247,新北市蘆洲區三民路99號,121.47333333333333,25.085277777777776,(02)22812333,Gogoro電動機車換電,00:00-24:00
D215M,三峽站,237,新北市三峽區介壽路一段193號,121.37777777777777,24.930833333333336,(02)26711123,光陽電動機車換電2.0,00:00-24:00
D215N,鶯歌站,239,新北市鶯歌區文化路152號,121.35222222222221,24.950555555555553,(02)26792944,Gogoro電動機車換電,00:00-24:00
D215R,新店北新路站,231,新北市新店區北新路一段90號,121.54194444444444,24.96861111111111,(02)29180305,電動機車充電,00:00-24:00
D215R,新店北新路站,231,新北市新店區北新路一段90號,121.54194444444444,24.96861111111111,(02)29180305,Gogoro電動機車換電,00:00-24:00
D215V,泰新站,243,新北市泰山區新北大道五段1號,121.4388888888889,25.05138888888889,(02)29094220,電動機車充電,00:00-24:00
D215V,泰新站,243,新北市泰山區新北大道五段1號,121.4388888888889,25.05138888888889,(02)29094220,光陽電動機車換電2.0,00:00-24:00
D215W,東湖站,114,台北市內湖區康寧路三段225號,121.61194444444443,25.0675,(02)26311524,Gogoro電動機車換電,07:00-22:00
D215Z,三多站,238,新北市樹林區中正路433號,121.41527777777779,25.00861111111111,(02)26886405,Gogoro電動機車換電,07:00-22:00
D2160,樹林站,238,新北市樹林區樹新路207號,121.43,24.999444444444446,(02)26812405,光陽電動機車換電2.0,00:00-24:00
D2161,二重站,241,新北市三重區重新路五段652號,121.46805555555555,25.04388888888889,(02)29950790,Gogoro電動機車換電,07:00-22:00
D2163,信義路站,106,台北市大安區信義路四段374號,121.55555555555556,25.033055555555556,(02)27081235,電動機車充電,00:00-24:00
D2163,信義路站,106,台北市大安區信義路四段374號,121.55555555555556,25.033055555555556,(02)27081235,Gogoro電動機車換電,00:00-24:00
D2164,汀州路站,100,台北市中正區汀州路三段１號,121.52583333333334,25.020555555555553,(02)23655595,光陽電動機車換電2.0,00:00-24:00
D2165,民生東路站,105,台北市松山區三民路126號,121.56388888888888,25.059444444444445,(02)27671664,電動機車充電,00:00-24:00
D2165,民生東路站,105,台北市松山區三民路126號,121.56388888888888,25.059444444444445,(02)27671664,Gogoro電動機車換電,00:00-24:00
D2168,文林路站,111,台北市士林區文林路100號,121.5261111111111,25.0875,(02)28817934,電動機車充電,00:00-24:00
D2169,富陽街站,106,台北市大安區富陽街129號,121.55694444444444,25.019166666666667,(02)27324229,光陽電動機車換電2.0,00:00-24:00
D216J,大埔站,237,新北市三峽區中正路二段165號,121.36666666666666,24.91472222222222,(02)26710050,電動機車充電,07:00-23:00
D216J,大埔站,237,新北市三峽區中正路二段165號,121.36666666666666,24.91472222222222,(02)26710050,Gogoro電動機車換電,07:00-23:00
D216K,五股工業區站,242,新北市新莊區五工路99-3號(周日營業時間:09~18),121.4563888888889,25.064444444444444,(02)22980057,電動機車充電,07:00-23:00
D216K,五股工業區站,242,新北市新莊區五工路99-3號(周日營業時間:09~18),121.4563888888889,25.064444444444444,(02)22980057,Gogoro電動機車換電,07:00-23:00
D216R,埔墘站,220,新北市板橋區中山路二段320號(22:00~07:00僅提供自助加油與柴油人工加油),121.48083333333334,25.019444444444442,(02)29553436,電動機車充電,00:00-24:00
D216R,埔墘站,220,新北市板橋區中山路二段320號(22:00~07:00僅提供自助加油與柴油人工加油),121.48083333333334,25.019444444444442,(02)29553436,光陽電動機車換電2.0,00:00-24:00
D216U,內湖麗山街站,114,台北市內湖區內湖路一段362號,121.57111111111111,25.08138888888889,(02)26577339,Gogoro電動機車換電,00:00-24:00
D216V,淡海新市鎮站,251,新北市淡水區埤島里二鄰淡金路2段599號,121.44611111111111,25.191944444444445,(02)26228923,光陽電動機車換電2.0,00:00-24:00
D2170,五股站,248,新北市五股區中興路四段21號,121.4388888888889,25.0825,(02)22917541,電動機車充電,00:00-24:00
D2170,五股站,248,新北市五股區中興路四段21號,121.4388888888889,25.0825,(02)22917541,光陽電動機車換電2.0,00:00-24:00
D2171,重陽路,241,新北市三重區忠孝路一段１號,121.4925,25.071944444444444,(02)29718645,Gogoro電動機車換電,00:00-24:00
D2172,新生北路站,104,台北市中山區新生北路二段71號,121.52805555555555,25.05666666666667,(02)25815206,Gogoro電動機車換電,00:00-24:00
D2174,土城站,236,新北市土城區中央路二段280號,121.44083333333333,24.974166666666665,(02)22602808,Gogoro電動機車換電,00:00-24:00
D2177,大豐站,231,新北市新店區北新路二段205號,121.54222222222222,24.97833333333333,(02)29117053,光陽電動機車換電2.0,00:00-24:00
D2178,林森北路站,100,台北市中正區林森北路11號,121.52388888888889,25.045833333333334,(02)23410686,光陽電動機車換電2.0,00:00-24:00
D2179,積穗站,235,新北市中和區中山路二段550號,121.48361111111112,25.005,(02)22219719,Gogoro電動機車換電,00:00-24:00
D234C,武陵站,330,桃園市桃園區中山路1020號,121.28472222222221,24.988333333333333,(03)3604492,電動機車充電,00:00-24:00
D234C,武陵站,330,桃園市桃園區中山路1020號,121.28472222222221,24.988333333333333,(03)3604492,Gogoro電動機車換電,00:00-24:00
D234D,中山路站,330,桃園市桃園區中山路522號,121.3,24.992222222222225,(03)3323504,光陽電動機車換電2.0,00:00-24:00
D234F,迴龍站,333,桃園市龜山區龍壽里萬壽路一段383號,121.4,25.016111111111112,(02)82093915,電動機車充電,00:00-24:00
D234F,迴龍站,333,桃園市龜山區龍壽里萬壽路一段383號,121.4,25.016111111111112,(02)82093915,Gogoro電動機車換電,00:00-24:00
D234G,林口工三站,333,桃園市龜山區樂善里文化一路33號,121.37027777777777,25.061666666666667,(03)3282232,電動機車充電,00:00-24:00
D234G,林口工三站,333,桃園市龜山區樂善里文化一路33號,121.37027777777777,25.061666666666667,(03)3282232,Gogoro電動機車換電,00:00-24:00
D234H,龜山站,333,桃園市龜山區萬壽路二段640號,121.34638888888888,25,(03)3296223,電動機車充電,00:00-24:00
D234H,龜山站,333,桃園市龜山區萬壽路二段640號,121.34638888888888,25,(03)3296223,光陽電動機車換電2.0,00:00-24:00
D234M,蘆竹站,338,桃園市蘆竹區錦興里中正路342號,121.29138888888889,25.049444444444447,(03)3224714,光陽電動機車換電2.0,00:00-24:00
D234N,三民路站,330,桃園市桃園區三民路一段150號,121.32055555555556,24.999722222222225,(03)3348425,電動機車充電,00:00-24:00
D234N,三民路站,330,桃園市桃園區三民路一段150號,121.32055555555556,24.999722222222225,(03)3348425,光陽電動機車換電2.0,00:00-24:00
D234V,大園站,337,桃園市大園區中正東路58號,121.19916666666667,25.063333333333333,(03)3862243,光陽電動機車換電2.0,07:00-22:00
D234W,大竹站,338,桃園市蘆竹區大竹里大竹路503號,121.260833333333,25.0227777777778,(03)3232425,電動機車充電,07:00-22:00
D234W,大竹站,338,桃園市蘆竹區大竹里大竹路503號,121.260833333333,25.0227777777778,(03)3232425,光陽電動機車換電2.0,07:00-22:00
D234X,春日路站,330,桃園市桃園區春日路971號,121.31027777777777,25.010555555555555,(03)3550381,電動機車充電,00:00-24:00
D234X,春日路站,330,桃園市桃園區春日路971號,121.31027777777777,25.010555555555555,(03)3550381,Gogoro電動機車換電,00:00-24:00
D234Y,平鎮站,324,桃園市平鎮區延平路二段152號,121.21055555555556,24.948055555555555,(03)4934734,電動機車充電,00:00-24:00
D234Y,平鎮站,324,桃園市平鎮區延平路二段152號,121.21055555555556,24.948055555555555,(03)4934734,光陽電動機車換電2.0,00:00-24:00
D234Z,埔心站,326,桃園市楊梅區中山北路二段308號,121.17472222222223,24.911944444444444,(03)4826370,電動機車充電,00:00-24:00
D234Z,埔心站,326,桃園市楊梅區中山北路二段308號,121.17472222222223,24.911944444444444,(03)4826370,Gogoro電動機車換電,00:00-24:00
D235C,梅溪站,326,桃園市楊梅區中山北路一段391號,121.15944444444445,24.90861111111111,(03)4782632,電動機車充電,00:00-24:00
D235C,梅溪站,326,桃園市楊梅區中山北路一段391號,121.15944444444445,24.90861111111111,(03)4782632,光陽電動機車換電2.0,00:00-24:00
D235D,新富站,324,桃園市平鎮區新富里中豐路一段298號,121.212726,24.927107,(03)4573401,電動機車充電,00:00-24:00
D235D,新富站,324,桃園市平鎮區新富里中豐路一段298號,121.212726,24.927107,(03)4573401,Gogoro電動機車換電,00:00-24:00
D235E,建龍站,325,桃園市龍潭區烏林里中豐路716號,121.21277777777777,24.889166666666664,(03)4792578,電動機車充電,07:00-22:00
D235E,建龍站,325,桃園市龍潭區烏林里中豐路716號,121.21277777777777,24.889166666666664,(03)4792578,Gogoro電動機車換電,07:00-22:00
D235F,新坡站,328,桃園市觀音區大同里中山路二段794號,121.13944444444445,25.010555555555555,(03)2825887,電動機車充電,07:00-21:00
D235F,新坡站,328,桃園市觀音區大同里中山路二段794號,121.13944444444445,25.010555555555555,(03)2825887,光陽電動機車換電2.0,07:00-21:00
D235G,新屋站,327,桃園市新屋區中山路85號,121.11055555555555,24.97083333333333,(03)4772644,電動機車充電,07:00-22:00
D235G,新屋站,327,桃園市新屋區中山路85號,121.11055555555555,24.97083333333333,(03)4772644,Gogoro電動機車換電,07:00-22:00
D235H,觀音站,328,桃園市觀音區廣興里中山路一段166號,121.08527777777778,25.034722222222225,(03)4735944,電動機車充電,07:00-21:00
D235H,觀音站,328,桃園市觀音區廣興里中山路一段166號,121.08527777777778,25.034722222222225,(03)4735944,光陽電動機車換電2.0,07:00-21:00
D235J,龍潭站,325,桃園市龍潭區北龍路264號,121.2175,24.8675,(03)4792614,電動機車充電,00:00-24:00
D235J,龍潭站,325,桃園市龍潭區北龍路264號,121.2175,24.8675,(03)4792614,光陽電動機車換電2.0,00:00-24:00
D235K,富岡站,326,桃園市楊梅區民富路三段574號,121.09333333333333,24.933888888888887,(03)4722045,電動機車充電,07:00-21:00
D235K,富岡站,326,桃園市楊梅區民富路三段574號,121.09333333333333,24.933888888888887,(03)4722045,光陽電動機車換電2.0,07:00-21:00
D235L,介壽路站,330,桃園市桃園區介壽路324號,121.30499999999999,24.980277777777776,(03)3615070,電動機車充電,00:00-24:00
D235L,介壽路站,330,桃園市桃園區介壽路324號,121.30499999999999,24.980277777777776,(03)3615070,光陽電動機車換電2.0,00:00-24:00
D235M,八德站,334,桃園市八德區竹園里長興路556號,121.27111111111111,24.93277777777778,(03)3651042,電動機車充電,07:00-22:00
D235M,八德站,334,桃園市八德區竹園里長興路556號,121.27111111111111,24.93277777777778,(03)3651042,Gogoro電動機車換電,07:00-22:00
D235N,茄苳站,334,桃園市八德區茄苳里中華路575號,121.26972222222223,24.97722222222222,(03)3696978,電動機車充電,07:00-22:00
D235N,茄苳站,334,桃園市八德區茄苳里中華路575號,121.26972222222223,24.97722222222222,(03)3696978,Gogoro電動機車換電,07:00-22:00
D235P,獅子王站,326,桃園市楊梅區幼獅工業區獅二路16號,121.17194444444445,24.92388888888889,(03)4961585,電動機車充電,00:00-24:00
D235P,獅子王站,326,桃園市楊梅區幼獅工業區獅二路16號,121.17194444444445,24.92388888888889,(03)4961585,光陽電動機車換電3.0,00:00-24:00
D235Q,中壢工業區加油站,320,桃園市中壢區中華路二段230號,121.23805555555556,24.96527777777778,(03)4521948,電動機車充電,00:00-24:00
D235Q,中壢工業區加油站,320,桃園市中壢區中華路二段230號,121.23805555555556,24.96527777777778,(03)4521948,Gogoro電動機車換電,00:00-24:00
D235R,中壢工二站,320,桃園市中壢區吉林路37巷15號,121.247222222222,24.98,(03)4620443,電動機車充電,00:00-24:00
D235R,中壢工二站,320,桃園市中壢區吉林路37巷15號,121.247222222222,24.98,(03)4620443,Gogoro電動機車換電,00:00-24:00
D235V,大溪站,335,桃園市大溪區瑞興里20鄰瑞安路一段268號,121.27944444444444,24.885833333333334,(03)3801304,電動機車充電,07:00-21:00
D235V,大溪站,335,桃園市大溪區瑞興里20鄰瑞安路一段268號,121.27944444444444,24.885833333333334,(03)3801304,Gogoro電動機車換電,07:00-21:00
D235X,慈湖站,335,桃園市大溪區復興路一段970號,121.285,24.84638888888889,(03)3881410,電動機車充電,07:00-21:00
D235X,慈湖站,335,桃園市大溪區復興路一段970號,121.285,24.84638888888889,(03)3881410,Gogoro電動機車換電,07:00-21:00
D235Y,復興站,336,桃園市復興區澤仁里中正路410號,121.354166666667,24.8233333333333,(03)3822939,Gogoro電動機車換電,07:00-22:00
D235Z,觀音三和站,328,桃園市觀音區三和里濱海路武威段2號,121.08638888888889,25.025277777777777,(03)4737011,Gogoro電動機車換電,07:00-21:00
D237W,大園民生站,337,桃園市大園區橫峰里1鄰民生南路163號,121.20222222222222,25.064444444444444,(03)3856171,電動機車充電,00:00-24:00
D237W,大園民生站,337,桃園市大園區橫峰里1鄰民生南路163號,121.20222222222222,25.064444444444444,(03)3856171,Gogoro電動機車換電,00:00-24:00
D237Z,大園國際二站,337,桃園市大園區國際路一段338號,121.198055555556,25.0713888888889,(03)3852370,電動機車充電,07:00-22:00
D237Z,大園國際二站,337,桃園市大園區國際路一段338號,121.198055555556,25.0713888888889,(03)3852370,Gogoro電動機車換電,07:00-22:00
D4140,彰化站,500,彰化縣彰化市和調里中山路三段27號,120.55361111111111,24.084722222222222,(04)7222759,Gogoro電動機車換電,00:00-24:00
D4141,三民路站,402,台中市南區福平里三民路一段１號,120.66694444444445,24.128055555555555,(04)22613854,Gogoro電動機車換電,07:00-18:00
D4144,豐潭站,427,台中市潭子區栗林里中山路三段249號,120.7075,24.226666666666667,(04)25324634,光陽電動機車換電2.0,07:00-22:00
D4145,大甲站,437,台中市大甲區頂店里中山路一段1120號,120.63194444444444,24.354722222222225,(04)26872314,Gogoro電動機車換電,00:00-24:00
D4147,員林站,510,彰化縣員林市三多里中山路二段495號,120.57111111111111,23.97138888888889,(04)8320294,Gogoro電動機車換電,00:00-24:00
D4148,二林站,526,彰化縣二林鎮豐田里二溪路一段212號,120.3736111111111,23.9025,(04)8960049,Gogoro電動機車換電,00:00-24:00
D4149,東勢站,423,台中市東勢區粵寧里豐勢路678號,120.82388888888889,24.261666666666667,(04)25872454,Gogoro電動機車換電,00:00-24:00
D414A,龍井站,434,台中市龍井區竹坑里沙田路四段175號,120.54555555555555,24.190555555555555,(04)26353010,光陽電動機車換電2.0,07:00-22:00
D414E,埔里中山路站,545,南投縣埔里鎮中山路二段141號,120.97222222222223,23.96861111111111,(049)2982844,Gogoro電動機車換電,07:00-22:00
D414F,國聖站,500,彰化縣彰化市國聖里中山路三段708號,120.56972222222223,24.09472222222222,(04)7321540,Gogoro電動機車換電,07:00-22:00
D414G,草屯新豐站,542,南投縣草屯鎮中正路1615號,120.68972222222223,23.999722222222225,(049)2333704,Gogoro電動機車換電,07:00-22:00
D414K,芬園站,502,彰化縣芬園鄉彰南路四段354號,120.6275,24.01861111111111,(049)2522244,Gogoro電動機車換電,07:00-22:00
D414L,大肚站,432,台中市大肚區新興里沙田路二段222號,120.54972222222221,24.140277777777776,(04)26992502,光陽電動機車換電2.0,00:00-24:00
D414M,南投三和站,540,南投縣南投市三和里中興路549號,120.69083333333333,23.906388888888888,(049)2227255,電動機車充電,00:00-24:00
D414N,國姓站,544,南投縣國姓鄉福龜村中正路一段55號,120.82805555555555,24.024166666666666,(049)2721240,光陽電動機車換電3.0,07:00-22:00
D414T,和美站,508,彰化縣和美鎮和東里彰美路五段85號,120.50277777777778,24.106944444444444,(04)7553024,Gogoro電動機車換電,00:00-24:00
D414W,鹿谷站,558,南投縣鹿谷鄉鹿谷村中正路二段137號,120.7525,23.747777777777777,(049)2752874,電動機車充電,06:30-21:30
D414W,鹿谷站,558,南投縣鹿谷鄉鹿谷村中正路二段137號,120.7525,23.747777777777777,(049)2752874,Gogoro電動機車換電,06:30-21:30
D414X,沙鹿站,433,台中市沙鹿區台灣大道7段391號,120.57305555555556,24.231111111111108,(04)26314644,光陽電動機車換電2.0,00:00-24:00
D414Z,社頭站,511,彰化縣社頭鄉員集路二段583號,120.58361111111111,23.904444444444444,(04)8732534,Gogoro電動機車換電,00:00-24:00
D4154,清水站,436,台中市清水區中山路507-18號,120.57833333333333,24.27777777777778,(04)26222464,Gogoro電動機車換電,00:00-24:00
D4155,水里站,553,南投縣水里鄉南光村民生路53號,120.85749999999999,23.808611111111112,(049)2770244,Gogoro電動機車換電,07:00-22:00
D4157,溪州站,524,彰化縣溪州鄉溪州村中山路三段6號,120.4888888888889,23.851944444444445,(04)8892079,Gogoro電動機車換電,07:00-22:00
D4159,田中站,520,彰化縣田中鎮南路里員集路一段783號,120.5911111111111,23.85,(04)8742705,電動機車充電,07:00-22:00
D4159,田中站,520,彰化縣田中鎮南路里員集路一段783號,120.5911111111111,23.85,(04)8742705,Gogoro電動機車換電,07:00-22:00
D415A,大安站,439,台中市大安區東安里8鄰中山南路193號,120.58888888888889,24.343333333333334,(04)26712249,電動機車充電,07:00-22:00
D415A,大安站,439,台中市大安區東安里8鄰中山南路193號,120.58888888888889,24.343333333333334,(04)26712249,Gogoro電動機車換電,07:00-22:00
D415E,埤頭站,523,彰化縣埤頭鄉中和村彰水路一段499號,120.4575,23.849722222222223,(04)8897844,光陽電動機車換電2.0,07:00-22:00
D415F,卓蘭站,369,苗栗縣卓蘭鎮中正西路101號,120.82305555555556,24.310555555555556,(04)25892174,光陽電動機車換電2.0,07:00-22:00
D415H,大甲日南站,437,台中市大甲區經國路1666號,120.64222222222223,24.366388888888892,(04)26871037,電動機車充電,07:00-21:00
D415J,中寮站,541,南投縣中寮鄉永平村永平路349-13號,120.76194444444444,23.88,(049)2691730,Gogoro電動機車換電,07:00-18:00
D415K,芳苑站,528,彰化縣芳苑鄉仁愛村斗苑路10號,120.32694444444444,23.92,(04)8984558,Gogoro電動機車換電,07:00-22:00
D415L,太平站,411,台中市太平區太平里太平路651號,120.71083333333334,24.12666666666667,(04)22787508,光陽電動機車換電2.0,00:00-24:00
D415N,魚池站,555,南投縣魚池鄉魚池村魚池街772號,120.92888888888889,23.902777777777775,(049)2895352,電動機車充電,06:30-21:30
D415N,魚池站,555,南投縣魚池鄉魚池村魚池街772號,120.92888888888889,23.902777777777775,(049)2895352,Gogoro電動機車換電,06:30-21:30
D415T,集集站,552,南投縣集集鎮林尾里民生路317號,120.77555555555556,23.82611111111111,(049)2763894,Gogoro電動機車換電,07:00-22:00
D415V,大雅中清路站,428,台中市大雅區中清路三段951號,120.64833333333334,24.217777777777776,(04)25664445,光陽電動機車換電2.0,00:00-24:00
D415W,伸港站,509,彰化縣伸港鄉新港村新港路95號,120.48777777777778,24.14361111111111,(04)7983424,光陽電動機車換電2.0,07:00-22:00
D415X,梧棲站,435,台中市梧棲區八德路2號,120.53222222222222,24.260833333333334,(04)26568415,Gogoro電動機車換電,00:00-24:00
D415Y,信義站,556,南投縣信義鄉明德村玉山路116號,120.85333333333332,23.708055555555553,(049)2791837,光陽電動機車換電2.0,06:30-21:30
D415Z,和平站,424,台中市和平區南勢里東關路三段5號,120.90361111111112,24.16888888888889,(04)25941891,Gogoro電動機車換電,07:00-22:00
D4160,永靖站,512,彰化縣永靖鄉港西村中山路一段637號,120.54472222222222,23.915555555555553,(04)8221945,電動機車充電,07:00-22:00
D4162,后里站,421,台中市后里區三豐路四段269號,120.7238888888889,24.315555555555555,(04)25562174,光陽電動機車換電2.0,00:00-24:00
D4164,大雅路站,404,台中市北區中清路一段172號,120.67722222222223,24.155277777777776,(04)22029046,光陽電動機車換電2.0,07:00-22:00
D4165,北斗站,521,彰化縣北斗鎮大道里中山路二段207號,120.51972222222223,23.876944444444444,(04)8882154,光陽電動機車換電2.0,00:00-24:00
D4167,北屯站,406,台中市北屯區北屯路436號,120.70138888888889,24.179444444444446,(04)22435121,Gogoro電動機車換電,07:00-22:00
D4168,名間站,551,南投縣名間鄉中正村南雅街151號,120.70166666666667,23.83888888888889,(049)2732629,光陽電動機車換電2.0,06:30-21:30
D416A,大城站,527,彰化縣大城鄉上山村魚寮路50號,120.32972222222222,23.86388888888889,(04)8944223,Gogoro電動機車換電,07:00-22:00
D416E,青島路站,406,台中市北屯區文心路四段119號,120.67444444444445,24.174444444444447,(04)22925400,光陽電動機車換電2.0,00:00-24:00
D416F,昌平路站,406,台中市北屯區昌平路一段95號,120.69083333333333,24.170833333333334,(04)22348061,電動機車充電,07:00-22:00
D416F,昌平路站,406,台中市北屯區昌平路一段95號,120.69083333333333,24.170833333333334,(04)22348061,Gogoro電動機車換電,07:00-22:00
D416G,永和街站,402,台中市南區和平里美村南路77號,120.666666666667,24.1194444444444,(04)22611600,光陽電動機車換電2.0,07:00-22:00
D416H,二水站,530,彰化縣二水鄉裕民村南通路二段680號,120.6211111111111,23.805555555555557,(04)8790305,Gogoro電動機車換電,07:00-22:00
D416J,東山路站,406,台中市北屯區東山路一段377-5號,120.72805555555556,24.176944444444445,(04)22392062,電動機車充電,07:00-22:00
D416J,東山路站,406,台中市北屯區東山路一段377-5號,120.72805555555556,24.176944444444445,(04)22392062,Gogoro電動機車換電,07:00-22:00
D416L,坪頂站,434,台中市龍井區新庄里臺灣大道六段6號,120.58,24.19,(04)26316507,光陽電動機車換電2.0,07:00-22:00
D416M,霧峰林森路站,413,台中市霧峰區林森路455號,120.69472222222223,24.06138888888889,(04)23339411,電動機車充電,00:00-24:00
D416M,霧峰林森路站,413,台中市霧峰區林森路455號,120.69472222222223,24.06138888888889,(04)23339411,Gogoro電動機車換電,00:00-24:00
D416N,埔鹽站,516,彰化縣埔鹽鄉好修村員鹿路二段99號,120.46027777777778,24.004444444444445,(04)8651196,Gogoro電動機車換電,07:00-22:00
D416R,石岡豐勢路站,422,台中市石岡區九房里明德路2號,120.78166666666667,24.27472222222222,(04)25722984,光陽電動機車換電2.0,00:00-24:00
D416T,員東路站,510,彰化縣員林市員東路二段413號,120.57944444444443,23.95777777777778,(04)8329743,光陽電動機車換電2.0,00:00-24:00
D416U,新社站,426,台中市新社區中正里中和街五段58號,120.80833333333334,24.25,(04)25819102,光陽電動機車換電2.0,06:30-21:30
D416V,五權西路站,402,台中市南屯區五權西路二段566號,120.64111111111112,24.141388888888887,(04)23893367,Gogoro電動機車換電,00:00-24:00
D416Y,南崗工業區站,540,南投縣南投市平山里仁和路13號,120.671934,23.922746,(049)2251460,Gogoro電動機車換電,00:00-24:00
D416Z,竹山延平站,557,南投縣竹山鎮延平里集山路二段869號,120.70972222222223,23.775,(049)2649304,Gogoro電動機車換電,07:00-22:00
D4170,烏日站,414,台中市烏日區九德里中山路一段539號,120.63416666666667,24.10611111111111,(04)23381514,Gogoro電動機車換電,00:00-24:00
D4171,復興路站,402,台中市南區復興路三段73號,120.66916666666667,24.128888888888888,(04)22617800,Gogoro電動機車換電,00:00-24:00
D4172,公園路站,404,台中市北區三民路三段50號,120.683344,24.146992,(04)22237535,Gogoro電動機車換電,00:00-24:00
D4176,翁子站,420,台中市豐原區豐勢路一段588號,120.73472222222222,24.259722222222223,(04)25225510,Gogoro電動機車換電,00:00-24:00
D4177,秀水站,504,彰化縣秀水鄉安東村彰水路一段30號,120.50166666666667,24.03611111111111,(04)7692141,光陽電動機車換電2.0,07:00-22:00
D4179,振興路站,401,台中市東區泉源里建成路556號,120.69361111111111,24.133333333333333,(04)22134096,Gogoro電動機車換電,07:00-22:00
D417A,埔心站,513,彰化縣埔心鄉瓦北村員鹿路一段421號,120.55388888888889,23.953333333333333,(04)8293874,Gogoro電動機車換電,00:00-24:00
D417R,烏日高鐵站,414,台中市烏日區建國路265號,120.62416666666665,24.109166666666667,(04)23377492,電動機車充電,07:00-21:00
D417R,烏日高鐵站,414,台中市烏日區建國路265號,120.62416666666665,24.109166666666667,(04)23377492,Gogoro電動機車換電,07:00-21:00
D417T,南崗三路站,540,南投縣南投市南崗三路278-1號,120.66527777777779,23.93722222222222,(049)2254902,光陽電動機車換電2.0,00:00-24:00
D417U,成功嶺站,414,台中市烏日區榮泉路252號,120.59444444444443,24.1125,(04)23374286,光陽電動機車換電2.0,07:00-22:00
D417V,追分站,432,台中市大肚區沙田路一段167號,120.57333333333332,24.119722222222222,(04)26937955,Gogoro電動機車換電,07:00-22:00
D4240,新竹站,300,新竹市東區中華路二段347號,120.97416666666666,24.803611111111113,(03)5225043,光陽電動機車換電2.0,07:00-21:00
D4242,竹東站,310,新竹縣竹東鎮東寧路一段2號,121.09638888888888,24.722499999999997,(03)5962447,Gogoro電動機車換電,00:00-24:00
D4243,科學園區站,300,新竹市東區科園里工業東二路2-2號,121.0047222,24.77944444,(03)5779157,光陽電動機車換電2.0,00:00-24:00
D4244,民華站,300,新竹市東區中華路二段156-1號,120.9786111111111,24.80666666666667,(03)5326491,電動機車充電,00:00-24:00
D4245,寶山站,308,新竹縣寶山鄉雙新村寶新路1段65號,120.98666666666666,24.763055555555557,(03)5204346,Gogoro電動機車換電,07:00-21:00
D4246,關西站,306,新竹縣關西鎮中豐路二段50號,121.17972222222222,24.79361111111111,(03)5872134,光陽電動機車換電2.0,07:00-22:00
D4247,府前站,302,新竹縣竹北市縣政二路112號,121.015,24.823888888888888,(03)5556350,電動機車充電,00:00-24:00
D4247,府前站,302,新竹縣竹北市縣政二路112號,121.015,24.823888888888888,(03)5556350,光陽電動機車換電2.0,00:00-24:00
D4248,竹北站,302,新竹縣竹北市中華路439號,121.00527777777778,24.840833333333332,(03)5552154,電動機車充電,07:00-22:00
D4248,竹北站,302,新竹縣竹北市中華路439號,121.00527777777778,24.840833333333332,(03)5552154,光陽電動機車換電2.0,07:00-22:00
D4251,光復路站,300,新竹市東區光復路二段716號,120.99,24.80027777777778,(03)5718604,光陽電動機車換電2.0,00:00-24:00
D4254,新湖口站,303,新竹縣湖口鄉中正路二段20號,121.04777777777778,24.896666666666665,(03)5991267,光陽電動機車換電2.0,07:00-22:00
D4255,關東橋站,300,新竹市東區光復路一段529號,121.01305555555555,24.784722222222225,(03)5772433,光陽電動機車換電2.0,00:00-24:00
D4256,新豐站,303,新竹縣湖口鄉鳳山村新興路330號,121,24.8725,(03)5592308,光陽電動機車換電2.0,00:00-24:00
D4259,峨眉站,315,新竹縣峨眉鄉峨眉村3-1號,121.02527777777777,24.68722222222222,(03)5800564,電動機車充電,07:00-17:00
D4260,新庄子站,304,新竹縣新豐鄉重興村新庄路429號,120.98333333333333,24.906388888888888,(03)5593274,Gogoro電動機車換電,07:00-21:00
D4261,芎林站,307,新竹縣芎林鄉上山村文山路554號,121.0775,24.778055555555554,(03)5923740,光陽電動機車換電2.0,07:00-22:00
D4265,北埔站,314,新竹縣北埔鄉水磜村麻布樹排20號,121.06277777777777,24.705555555555556,(03)5802547,電動機車充電,07:00-21:00
D4266,南寮站,300,新竹市北區東大路四段292號,120.927777777778,24.8455555555556,(03)5363424,Gogoro電動機車換電,07:00-21:00
D426A,獅潭站,354,苗栗縣獅潭鄉新店村新店9-1號,120.92444444444445,24.546666666666667,(037)931276,Gogoro電動機車換電,07:00-18:00
D426G,中苗站,360,苗栗縣苗栗市中正路442號,120.82166666666666,24.560000000000002,(037)326764,Gogoro電動機車換電,00:00-24:00
D426J,西湖站,368,苗栗縣西湖鄉湖東村埔頂9-3號,120.75777777777778,24.569444444444443,(037)921048,Gogoro電動機車換電,07:00-21:00
D426L,銅鑼站,366,苗栗縣銅鑼鄉銅鑼村中正路151號,120.78694444444444,24.48777777777778,(037)981124,Gogoro電動機車換電,07:00-21:00
D426M,通霄站,357,苗栗縣通霄鎮中山路297號,120.67999,24.493055,(037)752075,Gogoro電動機車換電,07:00-21:00
D426N,山腳站,358,苗栗縣苑裡鎮舊社里158號,120.68138888888889,24.41888888888889,(037)745074,光陽電動機車換電2.0,07:00-21:00
D426P,自強路站,351,苗栗縣頭份市東庄里六鄰自強路二段170號,120.89500000000001,24.683611111111112,(037)615343,光陽電動機車換電3.0,07:00-21:00
D426S,造橋加油站,361,苗栗縣造橋鄉造橋村14鄰老庄27號,120.86322426818661,24.638951294562514,(037)563776,Gogoro電動機車換電,07:00-21:00
D426T,三義站,367,苗栗縣三義鄉中正路146號,120.770277777778,24.4122222222222,(037)872204,光陽電動機車換電2.0,07:00-21:00
D426V,南平路站,351,苗栗縣頭份市蘆竹路270號,120.88416666666667,24.678055555555556,(037)612746,Gogoro電動機車換電,07:00-21:00
D426W,頭份站,351,苗栗縣頭份市自強路2號,120.91250000000001,24.690833333333334,(037)663242,電動機車充電,00:00-24:00
D426W,頭份站,351,苗栗縣頭份市自強路2號,120.91250000000001,24.690833333333334,(037)663242,Gogoro電動機車換電,00:00-24:00
D426X,蘆竹站,351,苗栗縣頭份市中華路444號,120.89555555555556,24.67638888888889,(037)623740,Gogoro電動機車換電,07:00-21:00
D426Y,頭份工業區站,351,苗栗縣頭份市蘆竹里中華路519號,120.89527777777778,24.67666666666667,(037)626224,電動機車充電,07:00-21:00
D426Y,頭份工業區站,351,苗栗縣頭份市蘆竹里中華路519號,120.89527777777778,24.67666666666667,(037)626224,Gogoro電動機車換電,07:00-21:00
D426Z,中正路站,350,苗栗縣竹南鎮中正路120號,120.87222222222222,24.683611111111112,(037)463428,光陽電動機車換電2.0,00:00-24:00
D4273,長安站,303,新竹縣湖口鄉湖口村八德路二段461號,121.07833333333333,24.885833333333334,(03)5696829,Gogoro電動機車換電,07:00-21:00
D4275,豐興站,310,新竹縣竹東鎮北興路一段40號,121.09944444444444,24.72472222222222,(03)5947002,Gogoro電動機車換電,07:00-21:00
D4278,奕承站,300,新竹市香山區景觀大道830號,120.95805555555556,24.760277777777777,(03)5292057,Gogoro電動機車換電,07:00-22:00
D427A,竹南站,350,苗栗縣竹南鎮東平路101號,120.88305555555554,24.684722222222224,(037)624865,光陽電動機車換電2.0,07:00-21:00
D427E,大坪站,361,苗栗縣造橋鄉錦水村錦水7-30號,120.8913888888889,24.614444444444445,(037)541881,Gogoro電動機車換電,07:00-18:00
D427F,三灣站,352,苗栗縣三灣鄉中正路7-2號,120.95472222222223,24.648333333333333,(037)831137,Gogoro電動機車換電,07:00-21:00
D427G,南庄站,353,苗栗縣南庄鄉中正路197號,121.00138888888888,24.605833333333333,(037)822401,Gogoro電動機車換電,07:00-18:00
D4342,斗六站,640,雲林縣斗六市雲林路二段334號,120.52777777777777,23.700833333333332,(05)5322534,Gogoro電動機車換電,07:00-21:00
D4343,信義路站,600,嘉義市西區博愛路二段519號,120.428888888889,23.4688888888889,(05)2359381,電動機車充電,00:00-24:00
D4343,信義路站,600,嘉義市西區博愛路二段519號,120.428888888889,23.4688888888889,(05)2359381,Gogoro電動機車換電,00:00-24:00
D4345,虎尾站,632,雲林縣虎尾鎮平和里光復路131號,120.44666666666667,23.709166666666665,(05)6322524,Gogoro電動機車換電,07:00-21:00
D4346,吳鳳路站,600,嘉義市東區吳鳳南路92號,120.45416666666667,23.469166666666666,(05)2224070,光陽電動機車換電2.0,00:00-24:00
D434A,梅山站,603,嘉義縣梅山鄉梅北村中山路746號,120.54527777777777,23.59,(05)2622821,Gogoro電動機車換電,07:00-21:00
D434E,太保站,612,嘉義縣太保市春珠里春珠178號,120.33916666666666,23.4525,(05)3711635,電動機車充電,07:00-21:00
D434E,太保站,612,嘉義縣太保市春珠里春珠178號,120.33916666666666,23.4525,(05)3711635,光陽電動機車換電2.0,07:00-21:00
D434F,六腳站,615,嘉義縣六腳鄉六腳村六腳路2-15號,120.25777777777778,23.512777777777778,(05)3781175,光陽電動機車換電3.0,07:00-21:00
D434G,蒜頭站,615,嘉義縣六腳鄉蒜頭村1-15號,120.29333333333334,23.496111111111112,(05)3802944,光陽電動機車換電2.0,07:00-21:00
D434H,布袋站,625,嘉義縣布袋鎮興中里上海路1號,120.16694444444445,23.379444444444445,(05)3471410,光陽電動機車換電2.0,07:00-21:00
D434J,二崙自強站,649,雲林縣二崙鄉大同村大同路21號,120.37388888888889,23.791111111111114,(05)5984084,電動機車充電,07:00-21:00
D434J,二崙自強站,649,雲林縣二崙鄉大同村大同路21號,120.37388888888889,23.791111111111114,(05)5984084,光陽電動機車換電2.0,07:00-21:00
D434K,朴子山通路站,613,嘉義縣朴子市大鄉里大槺榔625號,120.25472222222223,23.465555555555554,(05)3799580,Gogoro電動機車換電,07:00-21:00
D434R,鹿草站,611,嘉義縣鹿草鄉後堀村山仔腳59號,120.31916666666666,23.40888888888889,(05)3751219,光陽電動機車換電2.0,07:00-21:00
D434T,褒忠站,634,雲林縣褒忠鄉埔姜村三民路231號,120.31638888888888,23.701666666666664,(05)6974165,Gogoro電動機車換電,07:00-21:00
D434U,大林中正路站,622,嘉義縣大林鎮中正路801號,120.46111111111111,23.609722222222224,(05)2659202,電動機車充電,07:00-21:00
D434U,大林中正路站,622,嘉義縣大林鎮中正路801號,120.46111111111111,23.609722222222224,(05)2659202,Gogoro電動機車換電,07:00-21:00
D434V,斗六南環路站,640,雲林縣斗六市文化路522號,120.55749999999999,23.7125,(05)5339692,電動機車充電,00:00-24:00
D434V,斗六南環路站,640,雲林縣斗六市文化路522號,120.55749999999999,23.7125,(05)5339692,Gogoro電動機車換電,00:00-24:00
D434W,斗南中興路站,630,雲林縣斗南鎮中興路201號,120.46305555555556,23.677222222222223,(05)5961172,電動機車充電,07:00-21:00
D434W,斗南中興路站,630,雲林縣斗南鎮中興路201號,120.46305555555556,23.677222222222223,(05)5961172,Gogoro電動機車換電,07:00-21:00
D434X,東山站,733,台南市東山區東正里東勢240號,120.40722222222223,23.329722222222223,(06)6800021,光陽電動機車換電3.0,07:00-21:00
D434Y,雲林東勢站,635,雲林縣東勢鄉復興村文化路2-10號,120.26916666666666,23.677222222222223,(05)6993200,光陽電動機車換電2.0,07:00-21:00
D434Z,北興站,600,嘉義市西區自由路436號,120.43333333333334,23.491944444444446,(05)2348070,電動機車充電,07:00-21:00
D434Z,北興站,600,嘉義市西區自由路436號,120.43333333333334,23.491944444444446,(05)2348070,Gogoro電動機車換電,07:00-21:00
D4350,大林站,622,嘉義縣大林鎮中正路260號,120.45,23.598888888888887,(05)2652049,光陽電動機車換電2.0,07:00-21:00
D4353,民雄站,621,嘉義縣民雄鄉建國路二段329號,120.43333333333334,23.550833333333333,(05)2262145,Gogoro電動機車換電,07:00-21:00
D4354,柳營站,736,台南市柳營區柳營路三段300號,120.31277777777777,23.291944444444447,(06)6222041,光陽電動機車換電2.0,07:00-21:00
D4355,莿桐站,647,雲林縣莿桐鄉中山路251號,120.4975,23.76,(05)5842054,光陽電動機車換電2.0,07:00-21:00
D4356,土庫站,633,雲林縣土庫鎮建國路131號,120.39361111111111,23.678611111111113,(05)6622644,Gogoro電動機車換電,07:00-21:00
D4357,崙背站,637,雲林縣崙背鄉南陽村正義路123號,120.35916666666667,23.761111111111113,(05)6962049,Gogoro電動機車換電,07:00-21:00
D4357,崙背站,637,雲林縣崙背鄉南陽村正義路123號,120.35916666666667,23.761111111111113,(05)6962049,光陽電動機車換電2.0,07:00-21:00
D4358,後壁站,731,台南市後壁區後壁里42號,120.35972222222222,23.363333333333333,(06)6871004,Gogoro電動機車換電,07:00-21:00
D4359,南靖站,608,嘉義縣水上鄉三鎮路101-1號,120.38944444444445,23.419722222222223,(05)2682029,Gogoro電動機車換電,07:00-21:00
D435G,大埔站,607,嘉義縣大埔鄉和平村雙溪14-3號,120.59861111111111,23.30138888888889,(05)2521484,光陽電動機車換電2.0,07:00-18:00
D435H,番路站,602,嘉義縣番路鄉下坑村下坑40-2號,120.53777777777778,23.47083333333333,(05)2592386,光陽電動機車換電2.0,07:00-21:00
D435J,義和站,647,雲林縣莿桐鄉義和村三和37-5號,120.47888888888889,23.775555555555556,(05)5844090,Gogoro電動機車換電,00:00-24:00
D435K,馬光站,633,雲林縣土庫鎮後埔里後埔路500號,120.36527777777778,23.703888888888887,(05)6651124,光陽電動機車換電2.0,07:00-21:00
D435R,石卓站,604,嘉義縣竹崎鄉中和村永和1-1號,120.68944444444445,23.46472222222222,(05)2561944,Gogoro電動機車換電,07:30-18:00
D4360,新港站,616,嘉義縣新港鄉菜公村菜公厝64-1號,120.34694444444445,23.550833333333333,(05)3742054,電動機車充電,00:00-24:00
D4360,新港站,616,嘉義縣新港鄉菜公村菜公厝64-1號,120.34694444444445,23.550833333333333,(05)3742054,光陽電動機車換電2.0,00:00-24:00
D4362,林內站,643,雲林縣林內鄉林中村中正路532號,120.61055555555555,23.752222222222223,(05)5892048,Gogoro電動機車換電,07:00-21:00
D4363,文化路站,600,嘉義市西區文化路11號,120.45,23.4744444444444,(05)2226551,Gogoro電動機車換電,07:00-21:00
D4364,虎尾新生路站,632,雲林縣虎尾鎮新生路155號,120.43611111111112,23.70722222222222,(05)6322812,電動機車充電,00:00-24:00
D4364,虎尾新生路站,632,雲林縣虎尾鎮新生路155號,120.43611111111112,23.70722222222222,(05)6322812,Gogoro電動機車換電,00:00-24:00
D4365,二崙站,649,雲林縣二崙鄉崙東村中山路一段102號,120.41722222222222,23.77361111111111,(05)5982056,電動機車充電,07:00-21:00
D4365,二崙站,649,雲林縣二崙鄉崙東村中山路一段102號,120.41722222222222,23.77361111111111,(05)5982056,Gogoro電動機車換電,07:00-21:00
D4366,中山路站,600,嘉義市東區中山路90號,120.45944444444444,23.48222222222222,(05)2789320,Gogoro電動機車換電,07:00-21:00
D4367,四湖站,654,雲林縣四湖鄉施湖村中山西路199號,120.22055555555556,23.63722222222222,(05)7872053,光陽電動機車換電2.0,07:00-21:00
D4368,林森路站,600,嘉義市西區林森西路281號,120.44388888888889,23.480555555555554,(05)2279744,Gogoro電動機車換電,07:00-22:00
D4371,台西站,636,雲林縣台西鄉中山路36號,120.20277777777778,23.699166666666667,(05)6982124,Gogoro電動機車換電,07:00-21:00
D4373,古坑站,646,雲林縣古坑鄉西平村中山路291號,120.56027777777777,23.650277777777777,(05)5821534,Gogoro電動機車換電,07:00-21:00
D4375,大埤站,631,雲林縣大埤鄉南和村大埤路543號,120.43472222222222,23.64611111111111,(05)5912494,光陽電動機車換電2.0,07:00-21:00
D4376,口湖站,653,雲林縣口湖鄉湖東村中正路一段99號,120.185,23.581944444444446,(05)7892504,Gogoro電動機車換電,07:00-21:00
D4378,溪口站,623,嘉義縣溪口鄉溪東村民族西路１號,120.40055555555556,23.602500000000003,(05)2691700,光陽電動機車換電2.0,07:00-21:00
D4397,嘉保站,612,嘉義縣太保市安仁里嘉朴東路1段116號,120.29888888888888,23.459166666666665,(05)3623558,Gogoro電動機車換電,07:00-21:00
D43W2,雅虎站,640,雲林縣斗六市虎溪里西平路776號,120.523611111111,23.7266666666667,(05)5514796,電動機車充電,00:00-24:00
D43W2,雅虎站,640,雲林縣斗六市虎溪里西平路776號,120.523611111111,23.7266666666667,(05)5514796,Gogoro電動機車換電,00:00-24:00
D43X5,阿里山新站,605,嘉義縣阿里山鄉南阿里山55-5號,120.79277777777777,23.504166666666666,(05)2679058,Gogoro電動機車換電,08:00-17:00
D504B,生產路站,701,台南市東區大同路二段869號,120.21678,22.964283000000002,(06)2901361,電動機車充電,07:00-21:00
D504B,生產路站,701,台南市東區大同路二段869號,120.21678,22.964283000000002,(06)2901361,Gogoro電動機車換電,07:00-21:00
D504Q,隆田站,720,台南市官田區隆本里中華路二段23號,120.31611111111111,23.199444444444445,(06)5791257,Gogoro電動機車換電,07:00-21:00
D504Q,隆田站,720,台南市官田區隆本里中華路二段23號,120.31611111111111,23.199444444444445,(06)5791257,光陽電動機車換電2.0,07:00-21:00
D504S,新化站,712,台南市新化區中山路575號,120.30111111111111,23.03611111111111,(06)5982150,光陽電動機車換電2.0,07:00-22:00
D505C,永康站,710,台南市永康區蔦松里中正北路348號,120.255,23.041666666666668,(06)2433157,Gogoro電動機車換電,07:00-22:00
D505D,學甲站,726,台南市學甲區華宗路311號,120.1825,23.22972222222222,(06)7832264,Gogoro電動機車換電,07:00-21:00
D505E,前鋒站,704,台南市北區前鋒路283號,120.21527777777779,23.004722222222224,(06)2082162,電動機車充電,00:00-24:00
D505E,前鋒站,704,台南市北區前鋒路283號,120.21527777777779,23.004722222222224,(06)2082162,Gogoro電動機車換電,00:00-24:00
D505I,大灣站,710,台南市永康區建國里復興路69號,120.24888888888889,22.998333333333335,(06)2724010,Gogoro電動機車換電,00:00-24:00
D505N,茄拔站,741,台南市善化區嘉北里茄拔2-30號,120.32805555555555,23.144444444444446,(06)5838334,Gogoro電動機車換電,07:00-21:00
D505P,府前路站,700,台南市中西區府前路二段256號,120.19083333333333,22.991944444444446,(06)2971568,Gogoro電動機車換電,07:00-21:00
D505Q,左鎮站,713,台南市左鎮區睦光里睦光5-2號,120.41583333333334,23.060277777777777,(06)5731946,Gogoro電動機車換電,07:00-15:00
D505V,中華路東站,701,台南市東區中華東路三段171號,120.226111111111,22.9772222222222,(06)2674935,Gogoro電動機車換電,07:00-21:00
D505W,中華路西站,701,台南市東區中華東路三段170號,120.226111111111,22.9777777777778,(06)2673501,Gogoro電動機車換電,07:00-21:00
D505X,官田工業區站,720,台南市官田區二鎮里工業路23-1號,120.32305555555556,23.210833333333333,(06)6987265,電動機車充電,07:00-21:00
D505X,官田工業區站,720,台南市官田區二鎮里工業路23-1號,120.32305555555556,23.210833333333333,(06)6987265,Gogoro電動機車換電,07:00-21:00
D505Y,龍崎站,719,台南市龍崎區崎頂里新市子102-1號,120.36472222222221,22.96361111111111,(06)5941164,Gogoro電動機車換電,07:00-18:00
D506B,大湖站,829,高雄市湖內區大湖里中山路一段72號,120.25194444444445,22.878611111111113,(07)6931793,電動機車充電,00:00-24:00
D506B,大湖站,829,高雄市湖內區大湖里中山路一段72號,120.25194444444445,22.878611111111113,(07)6931793,Gogoro電動機車換電,00:00-24:00
D506C,安中路站,709,台南市安南區安中路四段446號,120.16055555555556,23.05388888888889,(06)2569825,電動機車充電,07:00-21:00
D506C,安中路站,709,台南市安南區安中路四段446號,120.16055555555556,23.05388888888889,(06)2569825,Gogoro電動機車換電,07:00-21:00
D506G,學甲中正路站,726,台南市學甲區中正路645號,120.18944444444445,23.244444444444447,(06)7837900,Gogoro電動機車換電,07:00-21:00
D506I,崇善路站,701,台南市東區崇善路557號,120.23,22.973055555555554,(06)2697873,Gogoro電動機車換電,07:00-22:00
D506M,永華路東站,708,台南市安平區永華路二段216號,120.18083333333334,22.990000000000002,(06)2992048,Gogoro電動機車換電,00:00-24:00
D506N,中華西路南站,700,台南市中西區中華西路二段2號,120.18694444444445,22.987222222222222,(06)2970350,光陽電動機車換電2.0,00:00-24:00
D506P,善化站,741,台南市善化區中山路368號,120.29277777777777,23.1325,(06)5817264,Gogoro電動機車換電,07:00-22:00
D506Q,下營站,735,台南市下營區中山路一段386號,120.26972222222223,23.238333333333333,(06)6892054,光陽電動機車換電2.0,07:00-21:00
D506R,文賢路站,700,台南市中西區文賢路229號,120.19333333333334,23.004444444444445,(06)2591749,Gogoro電動機車換電,00:00-24:00
D506T,東門路站,701,台南市東區東門路二段39號,120.22,22.98638888888889,(06)2371994,光陽電動機車換電2.0,07:00-22:00
D506X,玉井站,714,台南市玉井區玉田里中山路91號,120.465,23.120833333333334,(06)5742476,Gogoro電動機車換電,06:30-21:30
D506Y,關廟站,718,台南市關廟區中山路二段166號,120.32555555555555,22.960555555555555,(06)5952131,光陽電動機車換電2.0,07:00-22:00
D506Z,慶平路站,708,台南市安平區慶平路485號,120.17333333333333,22.996944444444445,(06)2970189,Gogoro電動機車換電,07:00-21:00
D507A,健康路站,708,台南市安平區健康路三段238號,120.17444444444445,22.983888888888888,(06)2997901,Gogoro電動機車換電,07:00-22:00
D507B,灣裡站,702,台南市南區明興路1081號,120.18527777777778,22.929444444444446,(06)2626810,Gogoro電動機車換電,07:00-21:00
D507B,灣裡站,702,台南市南區明興路1081號,120.18527777777778,22.929444444444446,(06)2626810,光陽電動機車換電2.0,07:00-21:00
D507D,中油南科站,744,台南市新市區南科二路3號,120.28694444444444,23.09638888888889,(06)5051229,Gogoro電動機車換電,07:00-21:00
D507E,麻學站,721,台南市麻豆區麻學路二段279號,120.215,23.19527777777778,(06)5700735,電動機車充電,07:00-21:00
D507F,喜樹站,702,台南市南區喜樹路63號(週日暫停營業),120.18027777777779,22.94611111111111,(06)2960944,電動機車充電,07:00-15:00
D507F,喜樹站,702,台南市南區喜樹路63號(週日暫停營業),120.18027777777779,22.94611111111111,(06)2960944,Gogoro電動機車換電,07:00-15:00
D507G,民生路站,700,台南市中西區民生路二段303號,120.19111111111111,22.996666666666666,(06)2233627,Gogoro電動機車換電,07:00-21:00
D507H,成功路站,704,台南市北區成功路16號,120.20944444444444,22.998055555555556,(06)2222894,Gogoro電動機車換電,00:00-24:00
D507I,北門站,727,台南市北門區仁里里二重港108號,120.13444444444445,23.241666666666667,(06)7862128,Gogoro電動機車換電,07:00-21:00
D507J,和順站,709,台南市安南區安和路四段335號,120.21861111111112,23.058055555555555,(06)3559301,Gogoro電動機車換電,07:00-22:00
D507K,南化站,716,台南市南化區南化里217號,120.47888888888889,23.04361111111111,(06)5771128,光陽電動機車換電2.0,07:00-18:00
D507L,六甲站,734,台南市六甲區水林里中山路446號,120.34166666666667,23.233333333333334,(06)6982404,光陽電動機車換電2.0,07:00-21:00
D507N,大同路站,702,台南市南區大同路二段380號,120.21361111111112,22.975277777777777,(06)2153503,電動機車充電,00:00-24:00
D507N,大同路站,702,台南市南區大同路二段380號,120.21361111111112,22.975277777777777,(06)2153503,Gogoro電動機車換電,00:00-24:00
D507R,新市站,744,台南市新市區港墘里中山路156號,120.29972222222221,23.07361111111111,(06)5991020,Gogoro電動機車換電,07:00-22:00
D507S,將軍站,725,台南市將軍區忠嘉里忠興162-1號,120.15916666666668,23.204444444444444,(06)7942205,Gogoro電動機車換電,07:00-21:00
D507S,將軍站,725,台南市將軍區忠嘉里忠興162-1號,120.15916666666668,23.204444444444444,(06)7942205,光陽電動機車換電2.0,07:00-21:00
D507T,歸仁站,711,台南市歸仁區中山路三段201號,120.28277777777778,22.967777777777776,(06)2301003,Gogoro電動機車換電,07:00-22:00
D507U,大內站,742,台南市大內區石城里石子瀨122-12號,120.35472222222222,23.121111111111112,(06)5761914,Gogoro電動機車換電,07:00-21:00
D507U,大內站,742,台南市大內區石城里石子瀨122-12號,120.35472222222222,23.121111111111112,(06)5761914,光陽電動機車換電2.0,07:00-21:00
D507V,山上站,743,台南市山上區明和里232號,120.35083333333333,23.10611111111111,(06)5781556,Gogoro電動機車換電,07:00-21:00
D507X,安順站,709,台南市安南區安中路一段650號,120.19555555555556,23.043055555555558,(06)2569187,Gogoro電動機車換電,00:00-24:00
D507Y,中油安定交流道站,745,台南市安定區安加里安定258-12號,120.23527777777778,23.113333333333333,(06)5921844,Gogoro電動機車換電,00:00-24:00
D507Z,茄萣站,852,高雄市茄萣區白雲里白砂路6號,120.18416666666667,22.90694444444444,(07)6902849,Gogoro電動機車換電,07:00-21:00
D5094,烏山頭交流道站,720,台南市官田區烏山頭里嘉南78之15號,120.353611111111,23.2125,(06)6990026,Gogoro電動機車換電,07:00-21:00
D509B,育平路站,708,台南市安平區育平路80號,120.16666666666667,22.986944444444447,(06)2933845,Gogoro電動機車換電,07:00-21:00
D509C,光州站,708,台南市安平區永華路二段1255號,120.16027777777778,22.99138888888889,(06)2999156,電動機車充電,07:00-17:00
D509C,光州站,708,台南市安平區永華路二段1255號,120.16027777777778,22.99138888888889,(06)2999156,Gogoro電動機車換電,07:00-17:00
D509G,中油永交站,710,台南市永康區中正北路319號,120.24777777777778,23.041944444444447,(06)2436250,Gogoro電動機車換電,00:00-24:00
D509G,中油永交站,710,台南市永康區中正北路319號,120.24777777777778,23.041944444444447,(06)2436250,光陽電動機車換電2.0,00:00-24:00
D50W1,歸仁高鐵站,711,台南市歸仁區武東里中正南路二段11號,120.27777777777777,22.92888888888889,(06)3032093,Gogoro電動機車換電,07:00-21:00
D50W6,西拉雅站,744,台南市新市區三舍里三舍239號,120.295,23.105833333333333,(06)5899042,Gogoro電動機車換電,07:00-21:00
D50W6,西拉雅站,744,台南市新市區三舍里三舍239號,120.295,23.105833333333333,(06)5899042,光陽電動機車換電2.0,07:00-21:00
D50W9,安平古堡站,700,台南市中西區西賢里31鄰民權路四段730號,120.16722222222222,23.001944444444444,(06)3587703,Gogoro電動機車換電,07:00-21:00
D50W9,安平古堡站,700,台南市中西區西賢里31鄰民權路四段730號,120.16722222222222,23.001944444444444,(06)3587703,光陽電動機車換電2.0,07:00-21:00
D5140,建國二路站,807,高雄市三民區建國二路66號,120.31083333333333,22.637777777777778,(07)2383484,Gogoro電動機車換電,00:00-24:00
D5141,中正四路站,801,高雄市前金區中正四路251號,120.29138888888889,22.6275,(07)2212453,Gogoro電動機車換電,07:00-23:00
D5144,運河南路站,801,高雄市前金區河南二路87號,120.29527777777777,22.634999999999998,(07)2850458,Gogoro電動機車換電,07:00-21:00
D5145,岡山站,820,高雄市岡山區岡山南路45號,120.297777777778,22.7822222222222,(07)6252450,Gogoro電動機車換電,00:00-24:00
D5146,後勁站,811,高雄市楠梓區後昌路200號,120.3097222,22.7163888,(07)3613018,Gogoro電動機車換電,00:00-24:00
D5148,楠梓站,811,高雄市楠梓區高楠公路1376號,120.32555555555555,22.71944444444444,(07)3511761,Gogoro電動機車換電,07:00-22:00
D514A,中正二路站,800,高雄市新興區中正二路166號,120.31722222222221,22.630833333333335,(07)2241235,Gogoro電動機車換電,07:00-23:00
D514E,鼓山三路站,804,高雄市鼓山區鼓山三路5-1號,120.276944444444,22.6480555555556,(07)5612463,Gogoro電動機車換電,07:00-23:00
D514F,三多三路站,802,高雄市苓雅區三多三路264號,120.305277777778,22.6144444444444,(07)3335774,Gogoro電動機車換電,07:00-22:00
D514G,林園站,832,高雄市林園區林園北路350號,120.39527777777778,22.511944444444445,(07)6412285,電動機車充電,07:00-22:00
D514G,林園站,832,高雄市林園區林園北路350號,120.39527777777778,22.511944444444445,(07)6412285,Gogoro電動機車換電,07:00-22:00
D514H,公園路站,900,屏東縣屏東市民權路74號,120.4925,22.6736111111111,(08)7325794,光陽電動機車換電2.0,07:00-22:00
D514K,建工路站,807,高雄市三民區建工路566號,120.32472222222222,22.650277777777777,(07)3832928,Gogoro電動機車換電,00:00-24:00
D514L,五甲站,830,高雄市鳳山區五甲一路232號,120.35472222222222,22.618333333333332,(07)7460364,Gogoro電動機車換電,00:00-24:00
D514M,中正路站,900,屏東縣屏東市中正路375號,120.49472222222222,22.685555555555556,(08)7364224,Gogoro電動機車換電,00:00-24:00
D514N,高樹站,906,屏東縣高樹鄉長榮村興中路170號,120.59916666666666,22.822777777777777,(08)7962205,光陽電動機車換電3.0,06:30-21:30
D514R,山東街站,807,高雄市三民區山東街70號,120.31166666666667,22.6425,(07)3118164,Gogoro電動機車換電,07:00-23:00
D514T,臨海工業區站,812,高雄市小港區沿海二路2號,120.37083333333332,22.543055555555558,(07)8010873,電動機車充電,07:00-22:00
D514T,臨海工業區站,812,高雄市小港區沿海二路2號,120.37083333333332,22.543055555555558,(07)8010873,Gogoro電動機車換電,07:00-22:00
D514U,鹽埔站,907,屏東縣鹽埔鄉鹽中村勝利路25號,120.57027777777778,22.753055555555555,(08)7932507,光陽電動機車換電2.0,06:30-21:30
D514V,萬巒站,923,屏東縣萬巒鄉萬巒村中正路5-2號,120.56416666666667,22.57027777777778,(08)7811648,Gogoro電動機車換電,07:00-21:00
D514W,佳冬站,931,屏東縣佳冬鄉六根村佳和路145號,120.54444444444444,22.41722222222222,(08)8662004,Gogoro電動機車換電,07:00-22:00
D514X,南州站,926,屏東縣南州鄉七塊村三民路270號,120.50138888888888,22.488611111111112,(08)8642298,Gogoro電動機車換電,07:00-21:00
D514Y,大寮站,831,高雄市大寮區永芳里鳳林三路616號,120.39500000000001,22.60888888888889,(07)7813631,Gogoro電動機車換電,06:30-22:30
D514Z,鳳松站,830,高雄市鳳山區武松里鳳松路178-5號,120.36277777777777,22.636944444444445,(07)7431562,Gogoro電動機車換電,00:00-24:00
D5152,潮州站,920,屏東縣潮州鎮三和里延平路217號,120.53999999999999,22.556944444444444,(08)7882044,Gogoro電動機車換電,00:00-24:00
D5153,前鎮站,806,高雄市前鎮區擴建路1-1號,120.30611111111111,22.591388888888886,(07)8213719,Gogoro電動機車換電,07:00-22:00
D5154,成功一路站,801,高雄市前金區成功一路384號,120.29416666666667,22.62361111111111,(07)2218734,光陽電動機車換電2.0,07:00-23:00
D5155,鳳山站,830,高雄市鳳山區中山東路10號,120.36333333333333,22.62027777777778,(07)7462492,Gogoro電動機車換電,06:00-23:00
D5156,忠孝路站,900,屏東縣屏東市忠孝路209-1號,120.48833333333333,22.679722222222225,(08)7337759,Gogoro電動機車換電,06:30-22:30
D5157,東港站,928,屏東縣東港鎮興東里中正路一段85號,120.455,22.471666666666664,(08)8322352,Gogoro電動機車換電,00:00-24:00
D5159,美濃站,843,高雄市美濃區和合里成功路133號,120.54694444444445,22.89388888888889,(07)6812044,Gogoro電動機車換電,06:30-21:30
D515A,林森二路站,800,高雄市新興區新田路82號,120.30583333333333,22.623055555555556,(07)2819638,Gogoro電動機車換電,07:00-23:00
D515E,瑞豐站,806,高雄市前鎮區瑞福路2號,120.336653,22.604724,(07)7610629,Gogoro電動機車換電,00:00-24:00
D515F,燕巢站,824,高雄市燕巢區南燕里中興路199號,120.36277777777777,22.78805555555556,(07)6161704,Gogoro電動機車換電,07:00-21:00
D515G,永安站,828,高雄市永安區維新里保安路47號,120.24222222222222,22.81416666666667,(07)6912014,Gogoro電動機車換電,07:00-21:00
D515H,林園沿海路站,832,高雄市林園區港埔里沿海路四段1號,120.3863888888889,22.5,(07)6417604,Gogoro電動機車換電,07:00-22:00
D515J,大樹站,840,高雄市大樹區檨腳里中興北路184號,120.43416666666667,22.698888888888888,(07)6561249,光陽電動機車換電2.0,07:00-21:00
D515K,水門站,912,屏東縣內埔鄉水門村中山路1號,120.63805555555557,22.704722222222223,(08)7991585,電動機車充電,06:00-21:00
D515L,梓官站,826,高雄市梓官區梓和里和平路317號,120.2625,22.760277777777777,(07)6173555,Gogoro電動機車換電,00:00-24:00
D515M,旗津站,805,高雄市旗津區中洲二路259號(禁止高度3.5公尺以上大型車輛進入),120.285,22.59111111111111,(07)5717391,Gogoro電動機車換電,07:00-21:00
D515N,杉林站,846,高雄市杉林區月眉里清水路304號,120.53833333333333,22.97,(07)6772888,電動機車充電,07:00-21:00
D515N,杉林站,846,高雄市杉林區月眉里清水路304號,120.53833333333333,22.97,(07)6772888,光陽電動機車換電2.0,07:00-21:00
D515R,長治站,908,屏東縣長治鄉崙上村中興路549號,120.53861111111111,22.6925,(08)7622443,Gogoro電動機車換電,06:30-22:00
D515U,新園站,932,屏東縣新園鄉內庄村興安路54號,120.46333333333334,22.523888888888887,(08)8684312,Gogoro電動機車換電,06:30-21:30
D515V,潮星站,920,屏東縣潮州鎮三星里潮州路730號,120.55555555555556,22.54527777777778,(08)7894008,電動機車充電,07:00-21:00
D515V,潮星站,920,屏東縣潮州鎮三星里潮州路730號,120.55555555555556,22.54527777777778,(08)7894008,光陽電動機車換電2.0,07:00-21:00
D515W,竹田站,911,屏東縣竹田鄉泗州村連成路6-4號,120.52361111111111,22.56888888888889,(08)7894179,光陽電動機車換電2.0,07:00-21:00
D515X,四維三路站(愛心站),802,高雄市苓雅區永定街93號,120.31138888888889,22.61916666666667,(07)3330396,Gogoro電動機車換電,07:00-22:00
D515Y,民權路站,806,高雄市前鎮區一心一路291號,120.31361111111111,22.609722222222224,(07)3316290,Gogoro電動機車換電,00:00-24:00
D515Z,滿州站,947,屏東縣滿州鄉永靖村新庄路150號,120.81194444444444,22.005555555555556,(08)8801713,電動機車充電,07:00-18:00
D5160,里港站,905,屏東縣里港鄉大平村中山南路25號,120.49361111111111,22.772222222222222,(08)7752054,光陽電動機車換電2.0,00:00-24:00
D5161,恆春站,946,屏東縣恆春鎮網紗里省北路7號,120.74333333333334,22.009166666666665,(08)8892635,Gogoro電動機車換電,07:00-21:00
D5163,萬丹站,913,屏東縣萬丹鄉萬丹路一段399號,120.48861111111111,22.593333333333334,(08)7772142,Gogoro電動機車換電,06:30-22:00
D5164,橋頭站,825,高雄市橋頭區橋頭里成功北路15號,120.307777777778,22.7625,(07)6113644,Gogoro電動機車換電,07:00-23:00
D5166,中正三路站,800,高雄市新興區中正三路9號,120.31055555555555,22.630555555555556,(07)2261045,Gogoro電動機車換電,07:00-23:00
D5167,三多二路站,802,高雄市苓雅區三多二路80號,120.32694444444444,22.62138888888889,(07)7618709,Gogoro電動機車換電,07:00-23:00
D5168,中山二路站,801,高雄市前金區中山二路569號,120.301111111111,22.6219444444444,(07)2317441,光陽電動機車換電2.0,07:00-22:00
D5169,大義街站,803,高雄市鹽埕區大義街56-1號,120.28611111111111,22.620555555555555,(07)5518163,Gogoro電動機車換電,07:00-23:00
D516E,麟洛站,909,屏東縣麟洛鄉麟蹄村中山路64號,120.53055555555555,22.6475,(08)7233148,電動機車充電,07:00-22:00
D516E,麟洛站,909,屏東縣麟洛鄉麟蹄村中山路64號,120.53055555555555,22.6475,(08)7233148,光陽電動機車換電2.0,07:00-22:00
D516F,覺民路站,807,高雄市三民區覺民路362號,120.33444444444444,22.640833333333333,(07)3869992,Gogoro電動機車換電,00:00-24:00
D516G,嶺口站,840,高雄市大樹區統嶺里統嶺路125號之2,120.4363888888889,22.773333333333333,(07)6562965,光陽電動機車換電2.0,07:00-21:00
D516K,鼎山路站,807,高雄市三民區鼎山街373號,120.32194444444444,22.65722222222222,(07)3839681,Gogoro電動機車換電,00:00-24:00
D516L,墾丁站,946,屏東縣恆春鎮墾丁里墾丁路402號,120.79277777777777,21.94611111111111,(08)8861408,Gogoro電動機車換電,07:00-21:00
D516N,右昌軍校路站,811,高雄市楠梓區軍校路737號,120.29222222222222,22.70861111111111,(07)3637331,Gogoro電動機車換電,06:30-22:00
D516R,內門站,845,高雄市內門區南屏路125號,120.455,22.921111111111113,(07)6671661,光陽電動機車換電2.0,07:00-21:00
D516T,和生路站,900,屏東縣屏東市橋南里和生路一段560號,120.49472222222222,22.653055555555554,(08)7536740,電動機車充電,07:00-21:00
D516U,九如東寧站,904,屏東縣九如鄉東寧村九如路一段16號,120.4888888888889,22.72,(08)7390078,Gogoro電動機車換電,06:00-22:00
D516V,南鼓山站,804,高雄市鼓山區捷興二街46號,120.27527777777777,22.621944444444445,(07)5517556,Gogoro電動機車換電,07:00-22:00
D516X,崁頂站,924,屏東縣崁頂鄉崁頂村中正路251號,120.52055555555556,22.521666666666665,(08)8632842,Gogoro電動機車換電,07:00-21:00
D516Y,蚵仔寮站,826,高雄市梓官區信蚵里通港路通港巷1號(備註：週日暫停營業),120.25361111111111,22.724444444444444,(07)6103984,Gogoro電動機車換電,09:00-18:00
D5170,楓港站,941,屏東縣枋山鄉楓港村舊庄路53號,120.68944444444445,22.199166666666667,(08)8771141,Gogoro電動機車換電,07:00-21:00
D5171,建國一路站,802,高雄市苓雅區建國一路142號,120.33,22.63277777777778,(07)7518715,Gogoro電動機車換電,00:00-24:00
D5173,復興路站,900,屏東縣屏東市復興路261號,120.48777777777778,22.660833333333333,(08)7525421,Gogoro電動機車換電,00:00-24:00
D5175,新埤站,925,屏東縣新埤鄉新埤村新中路74號,120.54833333333333,22.46972222222222,(08)7971017,Gogoro電動機車換電,00:00-24:00
D5176,仁武站,814,高雄市仁武區鳳仁路282號,120.34444444444443,22.703333333333333,(07)3711361,電動機車充電,00:00-24:00
D5176,仁武站,814,高雄市仁武區鳳仁路282號,120.34444444444443,22.703333333333333,(07)3711361,Gogoro電動機車換電,00:00-24:00
D5177,九曲堂站,831,高雄市大寮區義和里鳳屏二路297號,120.41777777777779,22.642222222222223,(07)6512175,Gogoro電動機車換電,07:00-21:00
D5178,小港站,812,高雄市小港區大業北路45號,120.34416666666667,22.5675,(07)8023938,Gogoro電動機車換電,06:00-23:00
D5179,六龜站,844,高雄市六龜區光復路308號,120.63611111111112,22.991111111111113,(07)6891059,光陽電動機車換電2.0,07:00-21:00
D517A,小琉球站,929,屏東縣琉球鄉大福村和平路3巷33-7號,120.37194444444444,22.33222222222222,(08)8613054,Gogoro電動機車換電,08:00-17:30
D517E,南寮站,827,高雄市彌陀區南寮里漁港路71號(備註：週六、日暫停營業),120.237222222222,22.7641666666667,(07)6109661,Gogoro電動機車換電,09:00-18:00
D517M,南州交流道站,926,屏東縣南州鄉壽元村大同路107號,120.53888888888889,22.491666666666667,(08)8644993,光陽電動機車換電2.0,00:00-24:00
D517N,大林站,812,高雄市小港區鳳華路1號,120.34972222222221,22.52472222222222,(07)8714612,電動機車充電,07:00-21:00
D517N,大林站,812,高雄市小港區鳳華路1號,120.34972222222221,22.52472222222222,(07)8714612,Gogoro電動機車換電,07:00-21:00
D517R,前鎮漁港路加油站,806,高雄市前鎮區漁港路2-1號,120.318333333333,22.5777777777778,(07)8224007,電動機車充電,07:00-21:00
D517R,前鎮漁港路加油站,806,高雄市前鎮區漁港路2-1號,120.318333333333,22.5777777777778,(07)8224007,Gogoro電動機車換電,07:00-21:00
D5180,楠梓交流道站,811,高雄市楠梓區鳳楠路45號,120.33111111111111,22.72222222222222,(07)3537642,電動機車充電,00:00-24:00
D5180,楠梓交流道站,811,高雄市楠梓區鳳楠路45號,120.33111111111111,22.72222222222222,(07)3537642,光陽電動機車換電2.0,00:00-24:00
D556A,馬公站,880,澎湖縣馬公市民福路18號,119.568611111111,23.565,(06)9272595,Gogoro電動機車換電,07:00-22:00
D556E,通梁站,884,澎湖縣白沙鄉通梁村25-1號,119.562777777778,23.6594444444444,(06)9931021,Gogoro電動機車換電,08:00-17:00
D556E,通梁站,884,澎湖縣白沙鄉通梁村25-1號,119.562777777778,23.6594444444444,(06)9931021,光陽電動機車換電3.0,08:00-17:00
D556J,池東站,881,澎湖縣西嶼鄉池東村2-1號,119.511111111111,23.6036111111111,(06)9982265,Gogoro電動機車換電,07:00-16:00
D6140,港口站,970,花蓮縣花蓮市吉林路2號,121.63138888888888,23.997222222222224,(03)8228640,Gogoro電動機車換電,07:00-21:00
D6142,玉里站,981,花蓮縣玉里鎮大同路219號,121.3125,23.333333333333332,(03)8882307,Gogoro電動機車換電,07:00-21:00
D6143,太魯閣站,972,花蓮縣秀林鄉富世村154-1號,121.62555555555555,24.151666666666664,(03)8611009,Gogoro電動機車換電,07:00-19:00
D6144,光復站,976,花蓮縣光復鄉中山路二段340號,121.42472222222223,23.66777777777778,(03)8701070,光陽電動機車換電2.0,08:00-16:00
D6145,鳳林站,975,花蓮縣鳳林鎮中正路一段371號,121.44611111111111,23.741111111111113,(03)8762114,電動機車充電,07:00-21:00
D6145,鳳林站,975,花蓮縣鳳林鎮中正路一段371號,121.44611111111111,23.741111111111113,(03)8762114,Gogoro電動機車換電,07:00-21:00
D6146,南埔站,973,花蓮縣吉安鄉仁和村中正路二段6號,121.58972222222222,23.964166666666667,(03)8522853,Gogoro電動機車換電,00:00-24:00
D6147,瑞穗站,978,花蓮縣瑞穗鄉瑞穗村2鄰中正南路一段105號,121.37722222222222,23.493333333333336,(03)8872201,Gogoro電動機車換電,07:00-21:00
D6147,瑞穗站,978,花蓮縣瑞穗鄉瑞穗村2鄰中正南路一段105號,121.37722222222222,23.493333333333336,(03)8872201,光陽電動機車換電2.0,07:00-21:00
D6148,豐濱站,977,花蓮縣豐濱鄉豐濱村光豐路53號,121.52027777777778,23.602500000000003,(03)8791134,電動機車充電,08:00-17:00
D6148,豐濱站,977,花蓮縣豐濱鄉豐濱村光豐路53號,121.52027777777778,23.602500000000003,(03)8791134,Gogoro電動機車換電,08:00-17:00
D6149,壽豐站,974,花蓮縣壽豐鄉壽豐路一段1號,121.50888888888889,23.86777777777778,(03)8655891,Gogoro電動機車換電,07:00-21:00
D6151,中山路站,970,花蓮縣花蓮市中山路752號,121.595,23.995833333333334,(03)8561117,Gogoro電動機車換電,00:00-24:00
D6153,和平站,972,花蓮縣秀林鄉和平村和平路32-1號,121.74361111111111,24.316666666666666,(03)8681261,Gogoro電動機車換電,07:00-21:00
D6154,赤科山站,981,花蓮縣玉里鎮觀音里高寮18-7號,121.35277777777777,23.38222222222222,(03)8851546,光陽電動機車換電2.0,07:00-18:00
D6155,馬太鞍站,976,花蓮縣光復鄉林森路300號,121.42305555555556,23.673055555555557,(03)8700125,光陽電動機車換電2.0,07:00-21:00
D6160,羅東站,268,宜蘭縣五結鄉中正路二段94號,121.769256,24.697584,(03)9654651,Gogoro電動機車換電,00:00-24:00
D6161,宜蘭站,260,宜蘭縣宜蘭市中山路五段139號,121.756575,24.770564,(03)9282621,Gogoro電動機車換電,00:00-24:00
D6162,蘇澳站,270,宜蘭縣蘇澳鎮中山路一段196號,121.847036,24.596053,(03)9963524,電動機車充電,07:00-22:00
D6162,蘇澳站,270,宜蘭縣蘇澳鎮中山路一段196號,121.847036,24.596053,(03)9963524,Gogoro電動機車換電,07:00-22:00
D6165,員山站,264,宜蘭縣員山鄉員山路一段31號,121.731031,24.747724,(03)9223041,Gogoro電動機車換電,00:00-24:00
D6166,頭城站,261,宜蘭縣頭城鎮開蘭路300號,121.8285,24.864574,(03)9771644,Gogoro電動機車換電,07:00-22:00
D6167,三星站,266,宜蘭縣三星鄉三星路四段235號,121.657724,24.667351,(03)9892219,Gogoro電動機車換電,07:00-21:00
D6168,壯圍站,263,宜蘭縣壯圍鄉吉祥村壯五路391號,121.782739,24.747497,(03)9381161,Gogoro電動機車換電,06:30-22:00
D6169,馬賽站,270,宜蘭縣蘇澳鎮蘇濱路二段459號,121.834687,24.625585,(03)9905422,光陽電動機車換電2.0,07:00-22:00
D616A,大里站,261,宜蘭縣頭城鎮濱海路七段81號,121.928098,24.971677,(03)9781137,Gogoro電動機車換電,09:00-17:00
D616C,新水站,268,宜蘭縣五結鄉五濱路二段206號,121.827086,24.680508,(03)9504374,Gogoro電動機車換電,07:00-21:00
D616D,冬山站,269,宜蘭縣冬山鄉冬山路二段260號,121.787001,24.641578,(03)9591316,Gogoro電動機車換電,00:00-24:00
D616E,大福站,263,宜蘭縣壯圍鄉壯濱路五段310號,121.814964,24.789814,(03)9301864,Gogoro電動機車換電,07:00-21:00
D616F,大同站,267,宜蘭縣大同鄉崙埤村泰雅路1段92號,121.60436,24.671167,(03)9801181,Gogoro電動機車換電,08:00-18:00
D616G,北關站,261,宜蘭縣頭城鎮濱海路三段326號,121.870826,24.905748,(03)9776128,電動機車充電,08:00-17:00
D616G,北關站,261,宜蘭縣頭城鎮濱海路三段326號,121.870826,24.905748,(03)9776128,Gogoro電動機車換電,08:00-17:00
D616I,九份站,269,宜蘭縣冬山鄉冬山路五段165號,121.771924,24.666533,(03)9584810,Gogoro電動機車換電,07:00-21:00
D6170,馬蘭站,950,台東縣台東市更生路653號,121.1375,22.76638888888889,(089)226401,電動機車充電,07:00-22:00
D6170,馬蘭站,950,台東縣台東市更生路653號,121.1375,22.76638888888889,(089)226401,光陽電動機車換電2.0,07:00-22:00
D6172,成功站,961,台東縣成功鎮中山路43號,121.3786111111111,23.101944444444445,(089)851069,光陽電動機車換電2.0,07:00-21:00
D6173,關山站,956,台東縣關山鎮和平路24號,121.16250000000001,23.04361111111111,(089)811124,光陽電動機車換電2.0,07:00-21:00
D6174,池上站,958,台東縣池上鄉福原村中山路25號,121.2125,23.120833333333334,(089)862634,Gogoro電動機車換電,07:00-22:00
D6175,太麻里站,963,台東縣太麻里鄉泰和村1鄰太麻里街157號,121.00694444444444,22.613055555555558,(089)781303,Gogoro電動機車換電,07:00-21:00
D6176,長濱站,962,台東縣長濱鄉長濱村124號,121.45666666666666,23.319166666666668,(089)831027,光陽電動機車換電2.0,07:00-18:00
D6177,大武站,965,台東縣大武鄉尚武村尚武路8號,120.89472222222223,22.341666666666665,(089)791453,Gogoro電動機車換電,07:00-21:00
D6178,知本站,950,台東縣台東市青海路四段270號,121.04194444444444,22.709722222222222,(089)512284,光陽電動機車換電2.0,07:00-21:00
D6179,鹿野站,955,台東縣鹿野鄉鹿野村中華路2段169號,121.137222222222,22.9158333333333,(089)551124,Gogoro電動機車換電,07:00-21:00
D617A,豐里站,950,台東縣台東市中華路二段732號,121.1275,22.739444444444445,(089)329691,光陽電動機車換電2.0,07:00-21:00
D617B,東河站,959,台東縣東河鄉南東河5鄰46號(備註：12:00-13:00暫停營業),121.29972222222221,22.96611111111111,(089)896236,Gogoro電動機車換電,08:00-16:00
D617C,富里站,983,花蓮縣富里鄉石牌村中興路85號,121.25222222222222,23.18277777777778,(03)8831285,Gogoro電動機車換電,07:00-21:00
D617D,卑南站,950,台東縣台東市更生北路20號,121.12666666666667,22.7775,(089)222010,光陽電動機車換電2.0,00:00-24:00
D617F,初鹿站,954,台東縣卑南鄉明峰村13鄰忠孝路32號,121.0925,22.853055555555557,(089)571742,Gogoro電動機車換電,07:00-21:00
D617G,泰源站,959,台東縣東河鄉北源村柑桔林路37-3號(備註：12:00-13:30暫停營業),121.286944444444,23.0038888888889,(089)891290,Gogoro電動機車換電,07:00-16:00
D617N,豐榮站,950,台東縣台東市臨海路二段51號,121.1426985,22.7396947,(089)346819,電動機車充電,07:00-21:00
D617N,豐榮站,950,台東縣台東市臨海路二段51號,121.1426985,22.7396947,(089)346819,Gogoro電動機車換電,07:00-21:00
